cvu,alias
0000590314131931952931,saepe.fugiat.voluptate
0000229240032570349226,id.atque.eius
0000543457095274816169,ea.facilis.excepturi
0000903835523431202278,repellat.ipsam.quo
0000588574139119637401,delectus.incidunt.dolore
0000131278235194134044,quaerat.aliquid.sequi
0000762803766850034465,molestias.reprehenderit.mollitia
0000810062027016001256,nam.aliquid.saepe
0000014714831164497149,error.recusandae.cumque
0000529517631944219629,earum.repudiandae.saepe
0000141292261436240013,earum.mollitia.error
0000514967165515560394,impedit.labore.fugiat
0000316516678483346397,cum.adipisci.ipsa
0000501017012918998760,laudantium.magni.soluta
0000819020040565812776,quae.rem.aspernatur
0000063189983780164549,provident.facere.consectetur
0000731783595921488741,consectetur.ex.porro
0000504968164619088588,dolorem.nemo.ratione
0000113303051434138990,error.doloremque.tenetur
0000613143143866239868,necessitatibus.tempore.illo
0000265261861728518971,totam.hic.asperiores
0000328040373852373972,saepe.quibusdam.similique
0000444122005520484301,voluptatibus.ab.ad
0000098956625726519667,dolorum.suscipit.doloribus
0000115128478151580516,reprehenderit.soluta.eum
0000020548677341350307,iusto.voluptas.maiores
0000389530455887436148,sed.maiores.quo
0000747795509584070736,praesentium.nostrum.quasi
0000818040825622374912,assumenda.incidunt.itaque
0000235213770012843956,impedit.quidem.provident
0000743156300000440605,sint.nesciunt.consequatur
0000657724243139183287,ullam.aliquid.molestias
0000773461207686561823,eveniet.expedita.iure
0000596131309264346401,adipisci.aliquam.quibusdam
0000090483335440405461,neque.veniam.corporis
0000276915682113857545,vero.esse.explicabo
0000827961697434570844,provident.temporibus.dignissimos
0000630240743202824960,dolores.excepturi.tempore
0000647379940572647442,officia.vitae.ipsa
0000833930108325954968,eum.dolores.voluptatibus
0000859500157018293064,sed.placeat.ab
0000494855187487266504,quia.minus.perferendis
0000078411983345620723,reprehenderit.dicta.deleniti
0000624014056967057210,perspiciatis.animi.expedita
0000813372114442102520,molestias.impedit.sunt
0000827352690236029571,incidunt.itaque.at
0000539392363923420342,id.aperiam.quia
0000141111765713368890,hic.quisquam.maxime
0000865065822955324280,fugiat.consequuntur.dolor
0000390595988676903166,qui.blanditiis.facere
0000629774093342543773,ut.laborum.cumque
0000176971169967822712,dignissimos.explicabo.sunt
0000856740826295652771,maxime.ut.ex
0000171401156217650856,eos.aperiam.molestiae
0000857885312997263299,quidem.amet.praesentium
0000673775127399946776,quos.optio.saepe
0000700169098736364463,modi.nam.nisi
0000456988343106127806,perferendis.doloribus.qui
0000159277057648688025,praesentium.nam.non
0000152467337343383394,labore.perferendis.delectus
0000565457333421050800,sequi.inventore.unde
0000299081578153509046,enim.earum.cupiditate
0000961410522777242952,aliquid.atque.excepturi
0000531376090855549657,debitis.ea.dicta
0000320013833560847109,accusantium.deleniti.soluta
0000588661391688915114,dolores.fugit.animi
0000376948552193181596,libero.sapiente.optio
0000119792944758536998,assumenda.necessitatibus.veniam
0000049728519904671810,non.omnis.ut
0000252029444937308442,soluta.error.quod
0000198395687048645486,molestiae.quo.consequatur
0000503175670305192758,facere.ullam.minima
0000628775238276242092,at.voluptatibus.dolorem
0000522689725582477177,tenetur.odit.tenetur
0000430199803465596515,illo.asperiores.cupiditate
0000217200214700479150,veniam.fugit.nulla
0000170607164464013140,quod.inventore.eos
0000161401339882429864,magnam.a.maxime
0000553029959471127185,occaecati.ab.repellendus
0000104787353974877335,sapiente.sunt.suscipit
0000765788880864083834,fugit.illo.sed
0000489660082037448770,saepe.architecto.ipsum
0000278454298928883905,odit.sed.amet
0000019829248246677751,voluptatem.distinctio.nostrum
0000351376344999446483,blanditiis.dicta.distinctio
0000827919895676897598,eius.quis.voluptatem
0000197315923109591795,a.vel.sed
0000248544065568669932,tempora.quaerat.autem
0000416980016550683954,rerum.vitae.cum
0000818880024361411665,facere.reprehenderit.excepturi
0000048453320824281698,aliquam.tempora.quos
0000705809966851860384,quos.nam.pariatur
0000678633385081048652,beatae.dolorum.veniam
0000828731010740218923,libero.quibusdam.doloremque
0000563550033855557041,reprehenderit.aliquid.quam
0000257068363316588285,eos.reiciendis.exercitationem
0000332882277310977051,officiis.natus.iure
0000352218039447621395,consequatur.vero.fuga
0000552908733050532285,quis.numquam.magni
0000235693508143880791,ut.saepe.repudiandae
